,0, Bitcoin,0,ToaCoin,0,Pandacoin,0,SnodeCoin,0,Mirai,0,BitBar,0,SteepCoin,0,Flaxscript,0,Cobrabytes
0,1,XRP,1,Steem Dollars,1,SUQA,1,Travelflex,1,Desire,1,HOdlcoin,1,ParallelCoin,1,PosEx,1.0,TerraNova
1,2,Ethereum,2,Loki,2,Solaris,2,Cashbery Coin,2,MFIT COIN,2,Bitmark,2,BigUp,2,Kronecoin,2.0,WINCOIN
2,3,Bitcoin Cash,3,Viacoin,3,LogisCoin,3,APR Coin,3,Nyerium,3,Gainer,3,DROXNE,3,Asiadigicoin,3.0,ANON
3,4,EOS,4,LEOcoin,4,Musicoin,4,The ChampCoin,4,Gossipcoin,4,Ignition,4,Zoomba,4,Zayedcoin,4.0,SIGMAcoin
4,5,Stellar,5,Clams,5,Gentarium,5,SkyHub Coin,5,Sub Invest,5,Cazcoin,5,Fantasy Cash,5,BitCoal,5.0,Nerva
5,6,Bitcoin SV,6,Bitcoin Interest,6,HollyWoodCoin,6,Akroma,6,Peony,6,PlatinumBAR,6,Bitcoin W Spe...,6,MiloCoin,6.0,Jingtum Tech
6,7,Litecoin,7,GINcoin,7,BitSend,7,Monoeci,7,Benz,7,Fastcoin,7,Quatloo,7,iBank,7.0,TWIST
7,8,TRON,8,CloakCoin,8,TurtleCoin,8,Bitcoin Zero,8,Lykke,8,BriaCoin,8,Tokugawa,8,ICOBID,8.0, Golos Gold
8,9,Cardano,9,ZClassic,9,GoByte,9,Rupee,9,FairCoin,9,Adzcoin,9,GlobalBoost-Y,9,Elysium,9.0,Elliot Coin
9,10,IOTA,10,NIX,10,SolarCoin,10,Photon,10,AsiaCoin,10,MarteXcoin,10,Thunderstake,10,Rocketcoin,10.0,EscrowCoin
10,11,Monero,11,POA Network,11,Omni,11,Penguin Coin,11,ECC,11,Helleniccoin,11,BoostCoin,11,Ragnarok,11.0,EmberCoin
11,12,Dash,12,Counterparty,12,Arionum,12,MNPCoin,12,Rubycoin,12,PayCoin,12,GrandCoin,12,BitQuark,12.0,Coin2Play
12,13,NEM,13,Boolberry,13,ZelCash,13,WomenCoin,13,Ondori,13,Compound Coin,13,IrishCoin,13,Pioneer Coin,13.0,Mooncoin
13,14,Ethereum Classic,14,GameCredits,14,Expanse,14,Graviocoin,14,LoMoCoin,14,Unitus,14,GuccioneCoin,14,Eurocoin,14.0,SaveNode
14,15,NEO,15,XTRABYTES,15,DubaiCoin,15,CoinToGo,15,PetroDollar,15,Crave,15,Pakcoin,15,Cabbage,15.0,Monero Original
15,16,Waves,16,Timicoin,16,Masari,16,HunterCoin,16,Motocoin,16,Piggycoin,16,RevolverCoin,16,PLNcoin,16.0,CARDbuyers
16,17,Zcash,17,Electra,17,DeviantCoin,17,EquiTrader,17,Sequence,17,Joulecoin,17,Ultimate Secu...,17,Grimcoin,17.0,Noir
17,18,Dogecoin,18,Nexty,18,VINchain,18,ATBCoin,18,Vites,18,Nyancoin,18,Olympic,18,Virtacoin,18.0,ContractNet
18,19,Tezos,19,Litecoin Cash,19,Curecoin,19,GenesisX,19,B3Coin,19,FirstCoin,19,Leviar,19,EcoCoin,19.0,Fargocoin
19,20,Bitcoin Gold,20,Linda,20,W3Coin,20,Xchange,20,New Power Coin,20,BBSCoin,20,BOAT,20,MustangCoin,20.0,Traid
20,21,VeChain,21,BitNewChain,21,OKCash,21,Dinastycoin,21,Espers,21,Gapcoin,21,Bolivarcoin,21,PRCoin,21.0,Pandemia
21,22,Qtum,22,Asch,22,Dynamic,22,CryptoCarbon,22,CHIPS,22,BritCoin,22,SixEleven,22,Prime-XI,22.0,Haracoin
22,23,Ontology,23,FLO,23,Novacoin,23,Nullex,23,Smoke,23,Blakecoin,23,Evil Coin,23,Iconic,23.0,PlusOneCoin
23,24,Lisk,24,Pascal Coin,24,DNotes,24,Bitzeny,24,42-coin,24,Bitsum,24,ZoZoCoin,24,Jiyo [OLD],24.0,Concierge Coin
24,25,Decred,25,Achain,25,Elite,25,EverGreenCoin,25,Quark,25,Bitcoin Adult,25,Sparks,25,SocialCoin,25.0,Valuto
25,26,Bitcoin Diamond,26,Dero,26,Golos,26,Ether-1,26,BiblePay,26,InflationCoin,26,SecureCoin,26,Interzone,26.0,Runners
26,27,Nano,27,MinexCoin,27,Sphere,27,Hush,27,Zeitcoin,27,Bitcoin Fast,27,Renos,27,BenjiRolls,27.0,Civitas
27,28,Bytecoin,28,PACcoin,28,HiCoin,28,KekCoin,28,BlueCoin,28, Growers Inter...,28,Datacoin,28,SongCoin,28.0,ACChain
28,29,Stratis,29,Bitcore,29,SIBCoin,29,Mao Zedong,29,HEAT,29,iDealCash,29,SecretCoin,29,VectorAI,29.0,Quotient
29,30,DigiByte,30,Aeon,30,SelfSell,30,X-Cash,30,SounDAC,30,Magi,30,TEKcoin,30,Wild Beast Block,30.0,Rubex Money
30,31,Verge,31,Haven Protocol,31,Pirl,31,Octoin Coin,31,Manna,31,MagicCoin,31,Garlicoin,31,LiteCoin Ultra,31.0,Superior Coin
31,32,ICON,32,ION,32,TrustNote,32,EtherGem,32,Uniform Fisca...,32,AdCoin,32,Cheesecoin,32,BowsCoin,32.0,ERA
32,33,BitShares,33,LBRY Credits,33,Bitcoin Incog...,33,CryptoFlow,33,Atmos,33,SagaCoin,33,Eternity,33,Coinonat,33.0,GIGA
33,34,Siacoin,34,DECENT,34,TittieCoin,34,GCN Coin,34,MaxCoin,34,Startcoin,34,Quebecoin,34,Veltor,34.0,OmenCoin
34,35,Factom,35,Primecoin,35,ArtByte,35,BitWhite,35,LiteDoge,35,PyrexCoin,35,IQ.cash,35,Concoin,35.0,SONO
35,36,Bytom,36,CrypticCoin,36,Ethersocial,36,Auxilium,36,Bullion,36,Bitstar,36,RonPaulCoin,36,DACH Coin,36.0,Bastonet
36,37,Steem,37,Bitcoin Green,37,SHIELD,37,STRAKS,37,Woodcoin,37,Litecoin Plus,37,Master Swiscoin,37,PlayerCoin,37.0,Animecoin
37,38,Komodo,38,Happycoin,38,AirWire,38,Advanced Inte...,38,BuzzCoin,38,BTCtalkcoin,38,Zealium,38,Luna Coin,38.0,HondaisCoin
38,39, Electroneum,39,Feathercoin,39,ExclusiveCoin,39,Gold Poker,39,Pesetacoin,39,Triangles,39,8Bit,39,AnarchistsPrime,39.0,RabbitCoin
39,40,Cryptonex,40,Myriad,40,LRM Coin,40,Webchain,40,InterCrone,40,Cryptojacks,40,Coin2.1,40,Bitvolt,40.0,Arbitracoin
40,41,Bitcoin Private,41,Flash,41,BitcoinZ,41,XDNA,41,Ixcoin,41,Iridium,41,Bank Coin,41,Coupecoin,41.0,Adenz
41,42,Ardor,42,HTMLCOIN,42,PinkCoin,42,PeepCoin,42,SmileyCoin,42,Digiwage,42,ParkByte,42,PAXEX,42.0,Bubble
42,43,Aion,43,Shift,43,Social Send,43,Zetacoin,43, WorldCoin,43,iTicoin,43,SpeedCash,43,GeertCoin,43.0,BlazerCoin
43,44,MonaCoin,44,Bitcoin Atom,44,Syndicate,44,PutinCoin,44,Blockpool,44,UltraCoin,44,Kurrent,44,PonziCoin,44.0,CottonCoin
44,45,Elastos,45,Callisto Network,45,GoldCoin,45,Castle,45,Shard,45,Shekel,45,Safe Trade Coin,45,Project-X,45.0,First Bitcoin
45,46,Ark,46,Bismuth,46,Kore,46,Pigeoncoin,46,Gravity,46,Pascal Lite,46,HomeBlockCoin,46,Coimatic 2.0,46.0,BetaCoin
46,47,ReddCoin,47,BlackCoin,47,GravityCoin,47,CampusCoin,47,Universe,47,PRiVCY,47,RedCoin,47,Bitspace,47.0,Sakuracoin
47,48,Wanchain,48,Global Curren...,48,2GIVE,48,Beetle Coin,48,Carboncoin,48,LanaCoin,48,PluraCoin,48,VapersCoin,48.0,CoffeeCoin
48,49,HyperCash,49,MassGrid,49,Sprouts,49,Aegeus,49,UltraNote Coin,49,EagleX,49,Harvest Maste...,49,Dollar Online,49.0,Labh Coin
49,50,Ravencoin,50,ALQO,50,Capricoin,50,Teloscoin,50,SuperCoin,50,SpreadCoin,50,BERNcash,50,Save and Gain,50.0,Cropcoin
50,51,PIVX,51,Peerplays,51,Bitcoin Plus,51,BLOC.MONEY,51,I0Coin,51,KZ Cash,51,Azart,51,CrevaCoin,51.0,Axiom
51,52,Metaverse ETP,52,BitTube,52,StrongHands,52,Absolute,52,HyperStake,52,VIVO,52,FolmCoin,52,Ourcoin,52.0,DynamicCoin
52,53,GXChain,53,Polis,53,WeAreSatoshi,53,CREA,53,Argentum,53,dietbitcoin,53,Dreamcoin,53,Argus,53.0,Crypto Improv...
53,54,Zcoin,54,Phore,54,Forkcoin,54,DraftCoin,54,PWR Coin,54,Regalcoin,54,BumbaCoin,54,Magnum,54.0,Tellurion
54,55,MOAC,55,Dimecoin,55,Zero,55,Actinium,55,Trollcoin,55,GoldBlocks,55,Honey,55,HarmonyCoin,55.0,Delizia
55,56,Nxt,56,ColossusXT,56,AC3,56,Quantis Network,56,Zennies,56,Ratecoin,56,Theresa May Coin,56,YENTEN,56.0,Aces
56,57,Horizen,57,Bulwark,57,CROAT,57,Newton Coin P...,57,Monkey Project,57,OPCoinX,57,ACRE,57,Infinity Econ...,57.0,Bitbase
57,58,Nebulas,58,MktCoin,58,Internet of P...,58,AllSafe,58,BunnyCoin,58,Bata,58,NevaCoin,58,CK USD,58.0,MIRQ
58,59,BOScoin,59,RevolutionVR,59,Breakout Stake,59,PAWS Fund,59,Cryptonite,59,Version,59,Qbic,59,ABBC Coin,59.0,PROUD Money
59,60,WaykiChain,60,Diamond,60,NeosCoin,60,OP Coin,60,TeslaCoin,60,Rubies,60,Digital Money...,60,Project Pai,60.0,Infinipay
60,61,Syscoin,61,MonetaryUnit,61,Giant,61,BitMoney,61,AudioCoin,61,Swing,61,KingN Coin,61,MIR COIN,61.0,Mero
61,62,Byteball Bytes,62, Scorum Coins,62,Swisscoin,62,Blocknode,62,Skeincoin,62,Rimbit,62,MojoCoin,62,HYCON,62.0,CommunityGene...
62,63,NULS,63,XEL,63,Ryo Currency,63,HUZU,63,RussiaCoin,63,Bitdeal,63,Allion,63,BUMO,63.0,AvatarCoin
63,64,Nexus,64,Graft,64,VULCANO,64,Advanced Tech...,64,Orbitcoin,64,Golfcoin,64,Independent M...,64,PLATINCOIN,64.0,Francs
64,65,BridgeCoin,65,PotCoin,65,Lethean,65,Condominium,65,Kobocoin,65,CatoCoin,65,DeusCoin,65,Filecoin [Fut...,65.0,Cubits
65,66,CyberMiles,66,Bean Cash,66,Utrum,66,Rupaya,66,Galactrum,66,Jin Coin,66,CompuCoin,66,Super Bitcoin,66.0,Pabyosi Coin ...
66,67,Particl,67,Crown,67,Helium,67,Elementrem,67,BioCoin,67,Pure,67,SmartFox,67,Lightning Bit...,67.0,Halloween Coin
67,68,Emercoin,68,Spectrecoin,68,Niobio Cash,68,Project Coin,68,NobleCoin,68,Cream,68,AmsterdamCoin,68,Ether Zero,68.0,Birds
68,69,GoChain,69,Stealth,69,VeriumReserve,69,Arepacoin,69,FORCE,69,Darsek,69,Rhenium,69,Bitcoin God,69.0,Wink
69,70,SmartCash,70,Ulord,70,Bettex Coin,70,GlobalToken,70,QubitCoin,70,Numus,70,Centurion,70,FuturoCoin,70.0,Magnetcoin
70,71,Groestlcoin,71,Rise,71,Memetic / Pep...,71,Lobstex,71,DigitalPrice,71,ChessCoin,71,INDINODE,71,Aidos Kuneen,71.0,Dutch Coin
71,72,Unobtanium,72,HempCoin,72,Lynx,72,Obsidian,72,Canada eCoin,72,Joincoin,72,Nekonium,72,FOIN,72.0,EA Coin
72,73,Neblio,73,DeepOnion,73,EDRCoin,73,XGOX,73,Block-Logic,73,Bitcoin 21,73,Atomic Coin,73,Hdac,73.0,EmaratCoin
73,74,Energi,74,SafeInsure,74,EUNO,74,QYNO,74,Condensate,74,Aricoin,74,TajCoin,74,SegWit2x,,
74,75,Vitae,75,Divi,75,FedoraCoin,75,ProCurrency,75,PoSW Coin,75,Wispr,75,Acoin,75,BitcoinX,,
75,76,Vertcoin,76,Experience Po...,76,Credit Tag Chain,76,Emerald Crypto,76,FujiCoin,76,Synergy,76, Dollarcoin,76,OFCOIN,,
76,77,Skycoin,77,Yocoin,77,TransferCoin,77,Unify,77,Truckcoin,77,Local World F...,77,PostCoin,77,United Bitcoin,,
77,78,TokenPay,78,Semux,78,e-Gulden,78,Citadel,78,TrumpCoin,78,AquariusCoin,78,UralsCoin,78,Moving Cloud ...,,
78,79,Peercoin,79,GridCoin,79,Karbo,79,Onix,79,FantasyGold,79,Coin(O),79,C-Bit,79,StarCoin,,
79,80,Wagerr,80,Radium,80,MedicCoin,80,MMOCoin,80,808Coin,80,SmartCoin,80,Polcoin,80,ILCoin,,
80,81,Nasdacoin,81,NoLimitCoin,81,Terracoin,81,Vivid Coin,81,Vsync,81,VoteCoin,81,Ammo Reloaded,81,Ti-Value,,
81,82,NavCoin,82,Zen Protocol,82,Trittium,82,SCRIV NETWORK,82,Deutsche eMark,82,Mincoin,82,LiteBitcoin,82,OceanChain,,
82,83,Apollo Currency,83,VeriCoin,83,Denarius,83,Bitblocks,83,ZEST,83,Masternodecoin,83,JIYO,83,Smart Bitcoin,,
83,84,CasinoCoin,84,Quasarcoin,84,DopeCoin,84,WhaleCoin,84,Freicoin,84,InsaneCoin,84,Neuro,84,ClubCoin,,
84,85,Quantum Resis...,85,Birake,85,TrezarCoin,85,BitcoiNote,85,Opal,85,Commercium,85,GambleCoin,85,DEEX,,
85,86,Gulden,86,I/O Coin,86,Breakout,86,BLAST,86,TagCoin,86,PureVidz,86,Californium,86,WXCOINS,,
86,87,Ubiq,87,Nimiq,87,BitCoen,87,Plancoin,87,Ellaism,87,X-Coin,87,SOILcoin,87,WIZBL,,
87,88,Blocknet,88,Lightpaycoin,88,ZCore,88,Phonecoin,88,Bitcoin Scrypt,88,Signatum,88,High Voltage,88, Monero Classic,,
88,89,Burst,89,LUXCoin,89,eBoost,89,Arion,89,Moin,89,Zurcoin,89,Eryllium,89,Bitcoin File,,
89,90,AurumCoin,90,Global Crypto...,90,CannabisCoin,90,TOKYO,90,IncaKoin,90,Impact,90,Phantomx,90,MSD,,
90,91,WhiteCoin,91,Anoncoin,91,Sumokoin,91,Carebit,91,PopularCoin,91,Graphcoin,91,Bitcoin Planet,91,Infinitecoin,,
91,92,Einsteinium,92,Pura,92,GoldMint,92,PrimeStone,92,Elcoin,92,Dystem,92,GeyserCoin,92,DasCoin,,
92,93,Stakenet,93,MintCoin,93,Kalkulus,93,Megacoin,93,Digitalcoin,93,Printex,93,Marijuanacoin,93,ShopZcoin,,
93,94,PRIZM,94,Vipstar Coin,94,NuBits,94,Steneum Coin,94,Bitcloud,94,Help The Home...,94,CoinonatX,94,EtherInc,,
94,95,BitBay,95,ATC Coin,95,Stipend,95,RPICoin,95,Innova,95,BlazeCoin,95,Litecred,95,PayDay Coin,,
95,96,Namecoin,96,ChatCoin,96,SnowGem,96,Titcoin,96,Bitradio,96,Atheios,96,Cannation,96,TCOIN,,
96,97,SaluS,97,NewYorkCoin,97,Apollon,97,BZLCOIN,97,Cashcoin,97,Ethereum Dark,97,FuzzBalls,97,X12 Coin,,
97,98,DigitalNote,98,Stellite,98,Universal Cur...,98,AceD,98,Linx,98,AdultChain,98,ARbit,98,DarkPayCoin,,
98,99,E-Dinar Coin,99,Auroracoin,99,Neutron,99,Dinero,99,Phoenixcoin,99,Netko,99,Comet,99,MicroBitcoin,,
